Workbook

Sheet Tổng hợp
A1: Danh sách lỗi cluster control - nhánh update_load_balancing (commit 021501d)
A3: Tiến độ sửa theo mức ưu tiên
A4: Ưu tiên | B4: Tổng | C4: Chưa làm | D4: Đang làm | E4: Đã sửa | F4: Đã kiểm tra | G4: % hoàn thành
A5: P0 | B5: =COUNTIF('Danh sách lỗi'!$B$2:$B$27,A5) -> 8 | C5: =COUNTIFS('Danh sách lỗi'!$B$2:$B$27,$A5,'Danh sách lỗi'!$H$2:$H$27,"Chưa làm") -> 8 | D5: =COUNTIFS('Danh sách lỗi'!$B$2:$B$27,$A5,'Danh sách lỗi'!$H$2:$H$27,"Đang làm") -> 0 | E5: =COUNTIFS('Danh sách lỗi'!$B$2:$B$27,$A5,'Danh sách lỗi'!$H$2:$H$27,"Đã sửa") -> 0 | F5: =COUNTIFS('Danh sách lỗi'!$B$2:$B$27,$A5,'Danh sách lỗi'!$H$2:$H$27,"Đã kiểm tra") -> 0 | G5: =IF(B5=0,0,(E5+F5)/B5) -> 0
A6: P1 | B6: =COUNTIF('Danh sách lỗi'!$B$2:$B$27,A6) -> 8 | C6: =COUNTIFS('Danh sách lỗi'!$B$2:$B$27,$A6,'Danh sách lỗi'!$H$2:$H$27,"Chưa làm") -> 8 | D6: =COUNTIFS('Danh sách lỗi'!$B$2:$B$27,$A6,'Danh sách lỗi'!$H$2:$H$27,"Đang làm") -> 0 | E6: =COUNTIFS('Danh sách lỗi'!$B$2:$B$27,$A6,'Danh sách lỗi'!$H$2:$H$27,"Đã sửa") -> 0 | F6: =COUNTIFS('Danh sách lỗi'!$B$2:$B$27,$A6,'Danh sách lỗi'!$H$2:$H$27,"Đã kiểm tra") -> 0 | G6: =IF(B6=0,0,(E6+F6)/B6) -> 0
A7: P2 | B7: =COUNTIF('Danh sách lỗi'!$B$2:$B$27,A7) -> 5 | C7: =COUNTIFS('Danh sách lỗi'!$B$2:$B$27,$A7,'Danh sách lỗi'!$H$2:$H$27,"Chưa làm") -> 5 | D7: =COUNTIFS('Danh sách lỗi'!$B$2:$B$27,$A7,'Danh sách lỗi'!$H$2:$H$27,"Đang làm") -> 0 | E7: =COUNTIFS('Danh sách lỗi'!$B$2:$B$27,$A7,'Danh sách lỗi'!$H$2:$H$27,"Đã sửa") -> 0 | F7: =COUNTIFS('Danh sách lỗi'!$B$2:$B$27,$A7,'Danh sách lỗi'!$H$2:$H$27,"Đã kiểm tra") -> 0 | G7: =IF(B7=0,0,(E7+F7)/B7) -> 0
A8: P3 | B8: =COUNTIF('Danh sách lỗi'!$B$2:$B$27,A8) -> 5 | C8: =COUNTIFS('Danh sách lỗi'!$B$2:$B$27,$A8,'Danh sách lỗi'!$H$2:$H$27,"Chưa làm") -> 5 | D8: =COUNTIFS('Danh sách lỗi'!$B$2:$B$27,$A8,'Danh sách lỗi'!$H$2:$H$27,"Đang làm") -> 0 | E8: =COUNTIFS('Danh sách lỗi'!$B$2:$B$27,$A8,'Danh sách lỗi'!$H$2:$H$27,"Đã sửa") -> 0 | F8: =COUNTIFS('Danh sách lỗi'!$B$2:$B$27,$A8,'Danh sách lỗi'!$H$2:$H$27,"Đã kiểm tra") -> 0 | G8: =IF(B8=0,0,(E8+F8)/B8) -> 0
A9: Tổng | B9: =SUM(B5:B8) -> 26 | C9: =SUM(C5:C8) -> 26 | D9: =SUM(D5:D8) -> 0 | E9: =SUM(E5:E8) -> 0 | F9: =SUM(F5:F8) -> 0 | G9: =IF(B9=0,0,(E9+F9)/B9) -> 0
A11: Kiểm thử
A12: Số kịch bản | B12: =COUNTA('Kiểm tra sau sửa'!$A$2:$A$10) -> 9
A13: Đạt | B13: =COUNTIF('Kiểm tra sau sửa'!$F$2:$F$10,"Đạt") -> 0
A14: Không đạt | B14: =COUNTIF('Kiểm tra sau sửa'!$F$2:$F$10,"Không đạt") -> 0
A16: Cách dùng
A17: Ô nền vàng là ô bạn cập nhật: Trạng thái, Người phụ trách, Ghi chú (trang 'Danh sách lỗi'); Kết quả thực tế, Đạt? (trang 'Kiểm tra sau sửa').
A18: Ví dụ một dòng đã cập nhật: Trạng thái = 'Đang làm', Người phụ trách = 'Khang', Ghi chú = 'Đã tách _alive, đang test T1'.
A19: Các bảng trong trang này tự tính lại theo Trạng thái và Đạt?. Chữ xanh dương là số nhập tay; chữ đen là công thức.
A20: P0: sai hoặc không failover được; P1: cao; P2: môi trường/vận hành; P3: nhỏ. 'Cần đo trên máy thật' nghĩa là suy luận từ code, chưa đo.

Sheet Danh sách lỗi
A1: ID | B1: Ưu tiên | C1: Nhóm | D1: Vị trí (file:dòng) | E1: Lỗi | F1: Hướng sửa | G1: Mức xác minh | H1: Trạng thái | I1: Người phụ trách | J1: Ghi chú
A2: 1 | B2: P0 | C2: Pairing/Dispatch | D2: orchestrator.py:61, :144-155; publisher.py:23; dispatcher.py:116; mongo_pool.py:55-73 | E2: Sau STOP rồi RUN, publisher/consumer/dispatcher thoát vĩnh viễn (loop là while is_running(); resume() chỉ đổi cờ, không tạo lại task). Dispatch chết nhưng ack vẫn báo thành công. | F2: Tách _alive (vòng đời) khỏi _paused; khi paused thì sleep + continue, không thoát loop. | G2: Đã xác minh (mô phỏng) | H2: Chưa làm
A3: 2 | B3: P0 | C3: Pairing/Dispatch | D3: state_manager.py:61-62, :74-75 | E3: process_starts tính current_time - data['time'] > 30 trên trạng thái cũ giữ qua STOP, nên ngay khi RUN sẽ gửi lệnh từ dữ liệu cũ. Lộ ra sau khi sửa lỗi 1. | F3: Reset state các điểm khi RUN; thêm thời gian chờ ổn định trước khi dispatch. | G3: Cần đo trên máy thật | H3: Chưa làm
A4: 3 | B4: P0 | C4: Pairing/Dispatch | D4: orchestrator.py:64-65 | E4: resume() gọi .clear() trên _disabled_nodes/_disabled_areas nên RUN toàn cluster (hoặc worker restart) mở lại khu vực đang khóa tay. Route zone-stop chỉ chạy local trên worker nhận request. | F4: Không clear khi RUN từ cluster; lưu trạng thái khóa vào Mongo dùng chung. | G4: Đã xác minh (đọc code) | H4: Chưa làm
A5: 4 | B5: P0 | C5: Failover | D5: runtime_service.py:78, :125; worker_manager.py; camera_processor.py:57-59 | E5: Chặn failover: rebalance chỉ đổi assigned_camera_ids trong DB; CameraManager dựng một lần và dùng danh sách theo chỉ số. | F5: Thêm add_camera/remove_camera lúc chạy; đổi enabled và camera_zones sang dict theo camera_id; camera mới theo desired_state hiện tại. | G5: Đã xác minh (đọc code) | H5: Chưa làm
A6: 5 | B6: P0 | C6: Failover | D6: camera_assignment_service.py:20 | E6: Chia đều theo khối liên tiếp: w1 sập thì 41/78 camera đổi chủ (chỉ cần 20). | F6: Giữ chủ cũ, chỉ chia camera mồ côi cho máy ít tải nhất; khi máy quay lại, lấy bớt từ máy tải cao nhất. | G6: Đã xác minh (mô phỏng) | H6: Chưa làm
A7: 6 | B7: P0 | C7: Failover | D7: worker_registry_service.py:32, :78, :116; mongo_start_event_client.py:125 | E7: Heartbeat, mốc cắt và lease claim_until dùng datetime.utcnow() của từng máy; lệch giờ giữa 4 máy gây nhận định sai. | F7: Dùng giờ server ($$NOW trong update pipeline và $expr); đồng bộ giờ Windows bằng w32tm. | G7: Cần đo trên máy thật | H7: Chưa làm
A8: 7 | B8: P0 | C8: Failover | D8: worker_registry_service.py:130 (return []); camera_assignment_service.py:238 (validate_token) | E8: Lỗi Mongo bị hiểu là 'không có worker' hoặc 'đã mất camera'. Khi nối runtime vào rebalance sẽ dừng decoder hàng loạt lúc bầu cử primary. | F8: Ném lỗi hoặc trả 'unknown'; caller bỏ qua lần rebalance đó. | G8: Đã xác minh (đọc code) | H8: Chưa làm
A9: 8 | B9: P0 | C9: Failover | D9: worker_manager.py:92 | E9: Chỉ so sánh số lượng worker: thay worker hoặc thêm camera mới trong DB không kích hoạt rebalance; không có độ trễ chống nhiễu. | F9: So sánh tập worker_id và tập camera_id; chỉ coi worker chết sau N lần thiếu heartbeat liên tiếp. | G9: Đã xác minh (đọc code) | H9: Chưa làm
A10: 9 | B10: P1 | C10: Cluster control | D10: cluster_control_listener.py:170 (_watch_loop), :116, :149 | E10: Nếu stream kết thúc không ném exception, listener chết im lặng; lệnh lỗi ở chế độ stream không được retry; không có vòng đối soát định kỳ. | F10: Luôn chạy vòng đối soát vài giây/lần (stream chỉ để giảm độ trễ); giám sát và tự khởi động lại task. | G10: Đã xác minh (đọc code) | H10: Chưa làm
A11: 10 | B11: P1 | C11: Cluster control | D11: cluster_control_listener.py:48, :138, :161, :146 | E11: token > last_applied làm lệnh bị bỏ qua nếu DB bị reset (token về 1); log chỉ ở mức DEBUG. | F11: Dùng != hoặc thêm epoch; log WARNING khi token nhỏ hơn. | G11: Đã xác minh (đọc code) | H11: Chưa làm
A12: 11 | B12: P1 | C12: Cluster control | D12: cameras.py:279; inference_engine_pool.py:33, :42, :51 | E12: expected_workers: 4 cứng; except Exception: pass khiến ack vẫn ghi dù engine lỗi. | F12: Lấy số worker từ registry; ack kèm số camera sống, trạng thái engine, số task còn chạy. | G12: Đã xác minh (đọc code) | H12: Chưa làm
A13: 12 | B13: P1 | C13: API/Bảo mật | D13: runtime.py:19; settings.py:12 | E13: settings.AREA_NAME bị comment nên /runtime/reload không có ?area= sẽ lỗi AttributeError. | F13: Khôi phục trường hoặc bỏ tham chiếu. | G13: Đã xác minh (chạy test) | H13: Chưa làm
... A27: 26 | B27: P3 | C27: Khác | D27: RuntimeService.stop() | E27: Không đặt lại api_state.pairing_orchestrator khi dừng. | F27: Set None trong stop(). | G27: Đã xác minh (đọc code) | H27: Chưa làm

Sheet Kiểm tra sau sửa
A1: Mã | B1: Lỗi liên quan | C1: Kịch bản | D1: Kết quả mong đợi | E1: Kết quả thực tế | F1: Đạt?
A2: T1 | B2: 1, 2, 3 | C2: stop-all, đợi 5 giây, start-all. | D2: Có start event mới trong Mongo (start_events_test); khu vực đã khóa vẫn khóa. | F2: Chưa chạy
A3: T2 | B3: 4, 5, 7, 8 | C3: taskkill /F một worker cùng mongod của nó; đo thời gian phát hiện, thời gian camera chạy lại trên máy khác. | D3: Camera mồ côi (19-20) chạy lại trên máy còn lại; số camera đổi chủ bằng số camera mồ côi. | F3: Chưa chạy
A4: T3 | B4: 7 | C4: Kill mongod đang là primary. | D4: Không camera nào bị release; ghi lại thời gian bầu cử. | F4: Chưa chạy
A5: T4 | B5: 6 | C5: Mô phỏng lệch giờ +40 giây trên một worker (sửa tạm hàm lấy giờ). | D5: Không rebalance sai, không ping-pong camera giữa các worker. | F5: Chưa chạy
A6: T5 | B6: 10 | C6: Xóa document engine_control_status rồi gửi lệnh mới. | D6: Lệnh vẫn được tất cả worker áp dụng. | F6: Chưa chạy
A7: T6 | B7: 4, 5 | C7: Cho worker đã sập quay lại (3 -> 4 máy). | D7: Số camera di chuyển xấp xỉ mức tối thiểu (~19). | F7: Chưa chạy
A8: T7 | B8: 9 | C8: Làm change stream đóng hoặc lỗi trên một worker. | D8: Listener vẫn áp dụng lệnh nhờ vòng đối soát. | F8: Chưa chạy
A9: T8 | B9: 14 | C9: Lặp STOP/RUN ít nhất 20 lần; theo dõi tasklist | findstr ffmpeg, VRAM, thời gian RUN -> detection đầu tiên. | D9: Số tiến trình ffmpeg và VRAM không tăng dần; thời gian ổn định. | F9: Chưa chạy
A10: T9 | B10: 17 | C10: Click vào cửa sổ console của một worker trong 60 giây. | D10: Heartbeat không dừng; worker không bị coi là chết. | F10: Chưa chạy

Sheet Số liệu chia camera
A1: Số camera đổi chủ khi 1 máy sập (thuật toán hiện tại, 78 camera)
A3: Tình huống | B3: Camera mồ côi (tối thiểu phải chuyển) | C3: Camera đổi chủ (hiện tại) | D3: Chuyển thừa giữa máy khỏe | E3: Chuyển thừa / tối thiểu
A4: w1 sập | B4: 20 | C4: 41 | D4: =C4-B4 -> 21 | E4: =IF(B4=0,0,D4/B4) -> 1.05
A5: w2 sập | B5: 20 | C5: 27 | D5: =C5-B5 -> 7 | E5: =IF(B5=0,0,D5/B5) -> 0.35
A6: w3 sập | B6: 19 | C6: 25 | D6: =C6-B6 -> 6 | E6: =IF(B6=0,0,D6/B6) -> 0.31578947
A7: w4 sập | B7: 19 | C7: 37 | D7: =C7-B7 -> 18 | E7: =IF(B7=0,0,D7/B7) -> 0.94736842
A8: w3 quay lại (3 -> 4 máy) | B8: 19 | C8: 25 | D8: =C8-B8 -> 6 | E8: =IF(B8=0,0,D8/B8) -> 0.31578947
A9: Trung bình (4 trường hợp sập) | D9: =AVERAGE(D4:D7) -> 13 | E9: =AVERAGE(E4:E7) -> 0.66578947
A11: Nguồn số liệu: tôi chạy chính hàm calculate_assignment_for_camera_ids của repo (commit 021501d) với 78 camera trong cameras_export_21052026.json, workers w1..w4. Hai cột xanh dương là số nhập tay từ kết quả chạy đó; ID camera thực tế trong DB hiện tại có thể khác.
A12: Hàng 'w3 quay lại': mức tối thiểu ~19 là số camera mà w3 sẽ nhận lại (xấp xỉ).
